Batch_ID,BMP4,ActivinA,FGF2,Wnt3a,O2_Level,Seeding_Density,Passage_Number,POU5F1,NANOG,SOX2,CDX2,NEUROD1,Purity,Viability,Yield
Batch_001,37.454011884736246,3.142918568673425,64.20316461542878,5.16817211686077,5,85625.97069387049,6,6.3002735950132145,7.558737289006529,4.614774458111402,5.40057557802268,4.432560674694456,6.748511027496804,85.36143613929572,81.52101306755786
Batch_002,95.07143064099162,63.64104112637804,8.413996499504883,53.1354631568148,10,110033.43393080373,10,5.7065552471270315,4.951504623612329,6.5364298726690855,6.101679211175451,5.820169031247859,15.588150450933785,95.95571893431313,92.91826433115824
Batch_003,73.1993941811405,31.435598107632668,16.162871409461378,54.06351216101065,5,121657.23363203416,22,4.462686199263831,6.242230235585158,2.5662145547033717,4.57502702625108,4.6006437017578135,12.413151614912884,75.76954020828254,86.636546162568
Batch_004,59.86584841970366,50.85706911647028,89.85541885270793,63.742990149820656,5,62433.69825400313,6,6.352795155526831,6.5148424415744906,5.5114825284157005,5.183080901754507,4.597045912419046,12.399865940756886,93.14718354680217,68.92646841650915
Batch_005,15.601864044243651,90.7566473926093,60.642905965958995,72.60913337226616,10,129255.51819458138,22,3.693129678327606,4.254711450991068,5.03835700461415,4.534481576066022,3.2466556013874204,13.342285014523167,74.81775529139092,95.39071625062196
Batch_006,15.599452033620265,24.929222914887493,0.9197051616629648,97.58520794625346,5,115450.37474098339,19,4.659875859052661,5.581767322295699,2.883724204391326,5.173527232991794,3.886228473714589,7.093957951672593,77.52121927111887,79.0128988137261
Batch_007,5.8083612168199465,41.038292303562976,10.147154286603211,51.630034830119534,10,170316.38735401013,23,3.8433701892433403,5.988057688564631,2.4372450806472385,3.1235055035272294,3.607595822875324,1.3025284917873177,70.41329177276477,106.87226796493721
Batch_008,86.61761457749351,75.55511385430486,66.35017691080559,32.2956472941246,5,196685.10031314063,6,5.864261899206651,3.6362635743723137,6.515517504412367,8.908966200439277,5.891553213384754,19.203260996266792,90.84624485946793,115.02044880262284
Batch_009,60.11150117432088,22.879816549162246,0.5061583846218687,79.51861947687037,20,133400.75579638768,24,6.784399671927123,7.463144256661165,6.444186035526041,3.900589821831686,6.5603088923354935,12.60522973378305,81.75468875386657,99.39980327893505
Batch_010,70.80725777960456,7.697990982879299,16.080805141749867,27.083225126207424,20,98402.95824163755,29,5.335004238044533,4.94178157591996,5.258837644451539,4.457808912860854,4.857869939632396,11.072842652751799,72.32718383793107,85.43371308783362
Batch_011,2.0584494295802447,28.9751452913768,54.87337893665861,43.89714207056361,5,56510.11749472591,10,5.112898918893782,5.130552842220009,7.574986664682086,3.7711034096677962,5.34444189524548,3.1061991338205264,80.09446425236769,43.89014017281646
Batch_012,96.99098521619943,16.122128725400444,69.18951976926932,7.845638134226595,5,188696.4995335394,5,3.687486998812886,3.5789879300868135,5.661452272791903,5.92356312374681,4.771292967342355,18.661308717856944,96.57979251669371,112.92790310249046
Batch_013,83.24426408004217,92.96976523425731,65.19612595026005,2.535074341545751,5,187867.35729179892,28,3.9461733243197537,3.8308607061837003,6.874707979116823,4.705996053136503,3.7838361201605224,19.82966474685838,79.95834375230908,138.5484655108627
Batch_014,21.233911067827616,80.8120379564417,22.42693094605598,96.26484146779251,20,87948.52519838617,19,3.2101098265423613,1.705228098751986,5.630486880776781,3.554288734854173,6.293394537195319,13.866998813035389,83.73432331666339,56.63096843081484
Batch_015,18.182496720710063,63.34037565104234,71.2179221347536,83.59801205122058,5,154311.66846599715,27,1.7349779160917267,5.082733814627918,4.586285651597012,5.985325049336514,5.978802040639219,10.685892221771132,71.23876786381082,108.36240474918701
Batch_016,18.34045098534338,87.14605901877177,23.724908749680008,69.59742060936979,20,61315.18206346539,14,4.413448998154262,8.75853381446296,3.4137031228499866,6.187473721884187,2.1611810220440546,10.647000659845553,90.80057237324108,86.05708506101874
Batch_017,30.42422429595377,80.36720768991145,32.539969815926774,40.89529444142699,10,74932.31478638794,23,4.5528420959705524,3.472070827843269,4.094845617645856,4.8996855132840995,4.57533649814712,9.57605700658345,77.34015879079843,50.19702087815673
Batch_018,52.475643163223786,18.657005888603585,74.64914051180241,17.329432007084577,20,82521.36598797368,21,8.259263443059957,9.464295392232458,4.614316593129172,4.004561072926885,3.676958988188858,8.479718549270805,74.82851139730685,77.7679636676951
Batch_019,43.194501864211574,89.25589984899777,64.96328990472146,15.643704267108605,20,94174.09202591448,9,7.344220349312166,7.121376893918621,7.044729653160058,8.286599008339575,4.413592145502163,13.007144050543715,94.93935338595193,84.45904324417779
Batch_020,29.122914019804192,53.93422419156507,84.9223410494178,25.024289816459532,10,199374.7062544056,8,5.833460359450301,4.289616828534337,6.154879337794496,5.510101445787846,3.9943526494306107,6.365230400450288,78.16055482699696,123.78947555335988
Batch_021,61.18528947223795,80.74401551640625,65.76128923003434,54.92266647061205,20,154538.75837957222,14,8.126715845812345,5.040897057228317,5.495478602363924,3.0888965225700145,4.9303694438879,15.98159570427869,85.1365790437119,86.29175652879609
Batch_022,13.949386065204184,89.60912999234932,56.830860333547164,71.45959227000624,5,107630.27470688299,28,7.086355244277913,4.797349538127594,6.305014861346112,7.121060691504152,4.505127897299789,12.986165108946645,72.62713573312408,81.55260419090725
Batch_023,29.214464853521815,31.800347497186387,9.367476782809248,66.01973767177313,5,160565.10587645287,21,1.9886479679558393,7.559245960096567,5.791075573538723,3.716337875881143,4.473288959268741,6.3797286848608294,78.69997103962419,128.77728772571965
Batch_024,36.63618432936917,11.005192452767677,36.77158030594335,27.993389694594285,20,187288.15125036595,14,6.601184258352127,5.77552359517694,5.39290641666024,9.112817510404874,6.66108264250807,10.466935540860828,84.74963457895255,113.39221287082759
Batch_025,45.606998421703594,22.793516254194166,26.520236768172545,95.48652806631941,5,193805.36111117693,21,6.06718139779224,6.772961072932722,2.752010897739568,5.11948678629138,5.835767991003873,4.621477282854829,73.40781529906542,135.12304440400018
Batch_026,78.51759613930136,42.71077886262563,24.398964337908357,73.78969166957685,20,58679.58466365611,24,4.5659330793009625,5.537257768042022,6.708736359292515,6.51997405408303,3.9441580245493495,16.02109875998742,77.83081745500773,65.94871777573951
Batch_027,19.967378215835975,81.80147659224932,97.30105547524455,55.43540525114007,5,109178.26979121947,28,2.877196220723728,4.832041219108074,4.312232228710286,1.8799736587296483,4.166679900779869,12.973201140684727,69.58577918431965,84.6161230764509
Batch_028,51.42344384136116,86.07305832563435,39.30977246667604,61.17207462343522,5,66013.40989038265,9,5.893101703565635,5.489635047606072,6.632810416433816,3.0737886738650553,5.737689583099419,13.70984643168138,85.16602826682168,67.26494257063726
Batch_029,59.24145688620425,0.6952130531190703,89.20465551771133,41.96000624277899,20,100349.00971954448,6,1.8813084155382551,4.389583649191878,6.777815437266334,7.000789429641072,5.735629357554149,7.876929330270886,98.54234064764556,69.67442068766861
Batch_030,4.645041271999773,51.07473025775657,63.11386259972629,24.773098950115745,5,75451.98558433483,10,4.96778755643801,2.821693934793654,3.99494120966698,5.476722598443706,4.094329641406897,7.368104318496019,81.91551568555109,40.559419088729726
Batch_031,60.75448519014384,41.7411003148779,79.48113035416485,35.597267865126156,20,147027.25425030856,25,4.0743643875696876,6.220532863934976,6.424574120893906,8.063594634071109,4.649013999646753,12.669740327269587,81.86698095956777,100.14482682099005
Batch_032,17.052412368729154,22.210781047073024,50.26370931051921,75.78461104643691,5,108240.25759848082,6,3.111736937671707,2.7482533274853695,4.458518781116153,5.727762657844384,7.770209060130452,0.5416922860729109,90.23507882243597,62.00082441796102
Batch_033,6.505159298527952,11.98653673336828,57.69038846263591,1.4393488629755868,5,84409.21185574244,17,6.783201511478309,4.596748734807237,4.467451508529914,5.217944359611559,4.120177867217985,0.767587986778841,79.89144688685933,64.38575913983195
Batch_034,94.88855372533332,33.7615171403628,49.25176938188639,11.607264050691624,10,89890.68874463585,15,4.9380373541288405,4.340203568576873,5.3862098518739865,7.570360986233308,7.866206882688178,14.922242298473938,81.70197088775262,77.57907126980159
Batch_035,96.56320330745594,94.29097039125192,19.52429877980445,4.600264202175275,10,104051.76428079023,15,5.260949493754355,5.965030896581105,5.42670888375431,6.515205498838166,6.655500413788707,17.259739090225423,83.9032273213772,68.73263534165895
Batch_036,80.83973481164611,32.320293202075526,72.24521152615053,4.072880231897013,20,88992.4794281394,20,6.361807920863642,7.347056877400293,5.057827273026338,4.705608201085566,7.588124412583198,12.147295364387983,87.75870136696788,82.67402432924507
Batch_037,30.46137691733707,51.87906217433661,28.07723624408558,85.54605840110072,10,117986.12702432465,15,4.986814165544967,6.807455970951122,2.998567976666065,3.358843849252329,4.056392041895856,5.596090229806078,87.19592433858156,82.39632691173942
Batch_038,9.767211400638388,70.30189588951778,2.431596643145384,70.36578593800236,20,54847.39266644757,23,5.677116797971247,6.008637528342639,4.817830040773491,1.4425765028517592,4.747166188905858,6.826728584655006,90.67686342413452,50.06641479670927
Batch_039,68.42330265121569,36.3629602379294,64.54722959071678,47.41738290873252,10,91964.52607534186,19,6.223777430733635,4.055192531568827,8.417718092282609,4.343501495295943,4.326254286836655,11.793422577303131,74.84986881846869,71.84563322163348
Batch_040,44.01524937396013,97.17820827209607,17.711067940704893,9.783416065100148,5,111681.00813082793,29,5.850133890378239,4.724796269605305,0.8239936567969668,3.220497357167942,6.690129787889305,13.891434924917846,67.09996304502299,67.5650348797835
Batch_041,12.203823484477883,96.24472949421113,94.04585843529144,49.16158751168324,20,140417.28230349478,27,5.428970249282425,4.506089439416273,6.304610660342619,8.896556964851577,4.148474340991866,9.989256235330055,70.332656698658,100.08153124585853
Batch_042,49.51769101112702,25.178229582536417,95.39285770025873,47.34717707805657,20,90643.64637726948,27,7.674669253062585,4.294577829905834,6.5856874000344625,4.02444358389496,6.09682324001431,10.015670714025182,83.05504732163928,53.273067871916666
Batch_043,3.4388521115218396,49.72485058923854,91.48643902204485,17.320186991001517,5,69977.76878356245,20,6.862955897014784,4.396323337059743,2.962478421070772,3.9834364915624327,6.017449116788061,5.6317348628408705,74.82746246821627,63.640305111461544
Batch_044,90.9320402078782,30.087830981676966,37.01587002554444,43.385164923797305,20,61430.05693987447,15,4.87135524615075,4.3562929473986145,4.295841629885681,2.7181326881170316,4.927955703928735,16.06888595278987,89.03095491014663,37.00118051114519
Batch_045,25.87799816000169,28.484049437746762,1.5456616528867428,39.85047343973734,20,191079.77407030753,26,3.635460574777321,4.289860710949256,3.498924263084983,4.600524007215945,6.947989601246503,7.691477698233774,76.1783071527668,110.81106379733389
Batch_046,66.2522284353982,3.6886947354532795,92.83185625877253,61.585009805221645,10,112495.85866077189,20,5.957935474756466,6.427824527042831,7.780948065967818,4.003197605536681,5.161519804589908,11.026562351908328,77.36648002511087,107.35199579689572
Batch_047,31.171107608941096,60.956433397989684,42.81841483173143,63.50936508676438,20,137174.39317712394,12,5.323790972283508,3.4180446667008617,6.654537900166674,7.6065941431166895,6.251128577912454,15.891508505872219,96.5159505271333,102.76288361973516
Batch_048,52.00680211778108,50.26790232288615,96.66548190436696,4.530400977204452,5,187876.48277533395,8,7.56349349478325,3.9057888465442545,6.727138061697098,5.252714239122477,4.257944946623327,12.033395803120815,89.57116705242991,109.3419390952168
Batch_049,54.67102793432797,5.147875124998935,96.36199770892529,37.46126146264712,10,62412.26300529592,12,6.481239508551083,2.624889918440732,5.1809708389921925,4.986703966015433,3.914844778839762,12.988451704075743,84.84238971170528,48.230186955150636
Batch_050,18.485445552552704,27.864646423661142,85.300945546736,62.58599157142364,10,181499.2228888689,8,6.146306582002862,7.123224203766274,6.968137924624465,4.797990868876103,6.096718293886412,6.386764052626997,92.43906959738197,138.40641265211468
Batch_051,96.95846277645586,90.82658859666537,29.444889206958567,50.31362585800877,5,132738.1808816105,28,5.019427306931142,3.8052455620136194,4.987645149406883,6.179262380283804,5.646260366500623,19.533464015201254,74.04950040018936,92.20827999507806
Batch_052,77.51328233611146,23.95618906669724,38.50977286019253,85.64898411883223,5,74725.13917055014,29,3.6864518874991363,5.991162847583211,7.038736440815837,4.321507751548249,5.3649614961925485,11.597956471773294,67.34287241656632,64.58374135864288
Batch_053,93.9498941564189,14.48948720912231,85.11366715168569,65.8693631618945,10,111688.26748780537,7,4.703055546948027,5.7129782903184605,4.77695536383167,6.000809140297758,4.4844674780933245,16.216910730609975,82.05460219681896,76.92267205513166
Batch_054,89.48273504276489,48.9452760277563,31.692200515627768,16.29344270814297,20,166640.34256028384,7,5.715242141486166,6.978257931636156,3.981137124929841,7.420954731091166,7.323814214789456,18.57153901311694,89.90419186498981,126.892492367902
Batch_055,59.78999788110851,98.56504541106007,16.94927466860925,7.056874740042984,10,122055.5122799532,22,2.4056298604862816,4.684974952437359,7.716425399497915,5.690112515449471,3.3251212936192296,17.49419915446695,70.69735698308742,95.7596639883084
Batch_056,92.18742350231169,24.20552715115004,55.68012624583501,64.24192782063156,5,197792.90759982564,23,6.862570939478516,3.5786903190711317,4.968726859002295,4.625403075762297,3.242985485403542,16.061022838815184,79.92217322996453,133.94692373921237
Batch_057,8.84925020519195,67.21355474058785,93.6154774160781,2.6511310541621813,10,106510.8454906911,23,8.100566002627069,2.6663750361925573,3.651800137636304,3.569811243542148,6.413249757745744,4.468841494045707,83.2905760822384,49.71480369177763
Batch_058,19.59828624191452,76.16196153287176,69.6029796674973,58.57755812734633,5,162436.7449964108,25,2.0825910644438754,0.823046532826849,3.6355491537650417,4.587314020479388,6.290144576214605,5.928879491237465,80.43186940079508,72.80235728032912
Batch_059,4.522728891053807,23.763754399239968,57.0061170089365,94.02302414249576,10,108948.41734682888,9,2.8996766734796964,5.242029838818354,3.640131990471439,5.8446183109588565,5.530644168487802,5.518902708935991,77.70222225511415,92.30359388897702
Batch_060,32.53303307632643,72.82163486118596,9.717649377076853,57.5474177875879,20,174374.63310597715,22,5.34449369634971,6.1632088587333715,6.266663526544053,2.701208987124018,4.568071667145791,10.478737926495054,87.75700455186862,102.48805537915365
Batch_061,38.8677289689482,36.77831327192532,61.500722669916975,38.816992620652194,10,135362.22037486214,14,4.126128626547599,5.707532157796761,4.851705684432177,6.247314136563924,5.753633193785618,9.881270282331965,94.86095654692342,108.6042705255342
Batch_062,27.134903177389592,63.23058305935795,99.00538501042632,64.32882184423532,10,59526.7744385002,26,5.391359650747511,2.705353545240788,8.446938463995624,5.311419032342097,7.581245445679301,8.231569280362532,79.75993856905323,41.14082988560012
Batch_063,82.87375091519293,63.35297107608947,14.008401523652402,45.825289049151664,5,55523.280145398705,25,4.892488945163844,6.558239217667893,6.779267273486181,4.776216260361922,8.773319311811338,19.41174749907765,61.743851910646654,55.343697967671964
Batch_064,35.67533266935893,53.57746840747585,51.832965236373674,54.56167893159349,5,70077.81782009498,10,3.4642722207664187,3.952675957526971,5.385707195140957,4.010879882823497,2.5153794417872652,6.348113200365621,93.34149154198386,56.85657466039704
Batch_065,28.093450968738075,9.02897700544083,87.73730719279554,94.14648087765252,5,52050.79472404959,5,6.932609510267734,3.6396447587873686,7.105846311797425,4.285433448545949,4.37161982112718,2.4592975136060464,88.70844518565971,30.76993663360665
Batch_066,54.26960831582485,83.5302495589238,74.07686177542044,38.610263780077425,10,61303.859052869346,9,5.696774907864274,3.9190516470452246,4.256738995295775,5.895959062197962,4.2773401055227405,16.764474369284898,86.63800446749764,58.487336067644314
Batch_067,14.092422497476264,32.07800649717358,69.7015740995268,96.11905638239142,20,153757.1595753368,13,4.160387037907592,5.117613383759116,2.2178212937610415,4.807682710857334,7.439779207549523,0.0,91.85547648291488,119.36301668341095
Batch_068,80.21969807540397,18.651851039985424,70.24840839871092,90.53506419560637,5,130151.94125441946,16,7.257537671991232,2.7729476427243918,3.51562541363789,4.248290049082145,1.2780575201521973,12.438149654619204,74.45496538714757,87.64647099897411
Batch_069,7.455064367977082,4.077514155476392,35.94911512197552,19.579113478929642,5,162486.61242049577,18,4.237391067659371,4.944446129421323,5.220811744054404,5.702845240057284,5.770752789598319,1.8414867444509124,78.11391185460789,103.5004499318131
Batch_070,98.68869366005173,59.08929431882418,29.359184426449335,6.9361300875165455,10,186974.86283864643,6,3.1372392249416996,5.6441723680755045,4.66618779174329,5.7622846662381955,4.61478453737145,15.84447299299101,98.30214822552037,106.32793618204633
Batch_071,77.22447692966574,67.75643618422824,80.93611554785136,10.077800137742665,5,137772.4298488208,21,5.275267734631603,6.660985844365422,6.236623082386191,3.126237408013928,7.45716912432146,15.285432122299204,78.81198435261645,87.19526958420818
Batch_072,19.87156815341724,1.6587828927856152,81.01133946791808,1.8221825651549728,20,158918.12661077722,18,5.529736434833999,5.263934985831867,4.813079327984796,5.857221044865478,7.251558260006691,1.5923365161308651,85.89200736051333,92.48230521215487
Batch_073,0.5522117123602399,51.2093058299281,86.70723185801037,9.44429607559284,20,163562.1803063684,17,5.797875338328269,2.990557252709313,6.122052088942588,8.752547319290663,5.5482601022400395,8.22705009820529,86.84804079963806,96.6110936456076
Batch_074,81.54614284548342,22.649577519793795,91.32405525564712,68.30067734163569,5,106677.58239136796,13,6.044526689978731,5.223335341478335,7.251457445846435,5.704431184063257,2.6304153939323047,16.36673071110016,76.19303008350599,80.5894685358017
Batch_075,70.68573438476172,64.51727904094498,51.13423988609378,7.118864846022898,5,86162.72484944478,29,5.774187092866536,3.40961258908082,4.808456224083843,2.451489192734498,4.1391657764973,13.041548271723732,68.55006054300136,68.81386047753645
Batch_076,72.90071680409874,17.436642900499145,50.15162946871996,31.89756302937613,10,80756.79927597873,19,5.713240462173761,3.323082265449574,5.832717933066682,5.266063087759319,4.303413385079392,11.62730207275951,71.62852332185116,39.03352110040648
Batch_077,77.12703466859458,69.09377381024659,79.82951789667752,84.48753109694546,20,87716.36592676977,29,4.139369299537753,2.955944594690031,2.3678197391371487,2.253776938709473,3.010317808319803,12.511444281440927,81.91220476196905,71.75000824075903
Batch_078,7.4044651734090365,38.67353463005374,64.99639307777652,2.3271935735825866,20,91209.76955388632,26,3.9788835881441695,2.133119480158964,4.814159031889162,9.751057508096238,6.731876422789055,6.898788354321903,68.27144758762329,63.21454536719169
Batch_079,35.84657285442726,93.67299887367345,70.19668772577033,81.44684825889358,5,81084.14735120846,19,6.113547374388677,4.149255248096908,3.1520628113809677,8.353512030476711,2.819860254088391,14.393777051532732,81.57450189810355,58.019986985467426
Batch_080,11.586905952512971,13.752094414599325,79.57926694361011,28.185477477339994,10,181733.10012187884,28,5.365184766049832,6.693333114570361,5.21784016569402,4.001092275806906,7.947991262680569,2.7349262285651665,77.49705450417031,112.43560021647022
Batch_081,86.31034258755935,34.10663510502585,89.00053418175663,11.816482762165625,20,163549.8698258343,15,6.230368609229384,8.384726023141312,5.353999635015996,1.6314992015092455,7.944233951068187,13.976181977351539,94.59382307863598,136.1899714455349
Batch_082,62.329812682755794,11.347352124058908,33.79951568515358,69.67371653641507,20,57034.47016868299,20,2.439084266558602,4.139622262489858,5.349014536870691,3.682443219360824,4.42240960721074,9.055677118709376,84.43429581580901,46.214406784416944
Batch_083,33.08980248526492,92.46936182785628,37.5582952639944,62.8942846779884,10,90300.8723037961,21,4.248820426373609,6.629158290154484,4.27981611530556,4.728513891590414,5.492743055194724,8.816180155548631,82.78314233078765,78.09603860922618
Batch_084,6.355835028602364,87.7339353380981,9.3981939840869,87.74720135270529,10,53327.71130454524,8,7.860528352865833,4.408126522645108,8.44770329260225,2.357204386940392,4.891574782894364,12.225055852496746,87.80126679817391,52.54060797337748
Batch_085,31.09823217156622,25.79416277151556,57.8280140996174,73.50710438038858,20,124724.77799688395,5,5.82879972852116,2.523896420827158,3.097967732535398,4.896466227505659,6.352737200542536,4.757089241749993,90.06651441156033,65.84988204476166
Batch_086,32.518332202674706,65.99840460341791,3.5942273796742086,80.34809303848486,20,121431.60451835212,12,5.443325676468729,6.051413392169115,3.006281259257726,4.718632003594623,6.912016007847139,8.142778689559794,98.05366196268999,88.15106342976915
Batch_087,72.96061783380641,81.72222002012158,46.55980181324602,28.203457257130648,10,174705.72350937518,21,6.061886550454512,5.3522211301933496,7.482467563604878,5.187732045594333,5.3869954881801,16.189406842919606,77.71557085192462,122.76713642585814
Batch_088,63.75574713552131,55.52008115994623,54.26446347075766,17.743954377972283,20,96166.58596565742,7,8.312675788799272,7.727029411941674,3.94358130411516,5.34446776540697,5.703675064671594,14.714366328441239,87.35244341263403,94.35940082749983
Batch_089,88.72127425763266,52.965057835600646,28.65412521282844,75.06147516408583,5,172457.86028195935,24,7.9970743134305415,2.697982277025866,3.5829639686953545,3.5515736001842724,4.0690936040907255,14.274425342571169,70.96592527105109,107.44991359306138
Batch_090,47.22149251619493,24.18522909004517,59.08332605690107,80.6834739267264,5,195196.06481597346,19,2.630718864031109,9.194049062502916,8.454367846584669,3.7198789403755184,5.655070950335507,5.049725841793665,75.16337658715914,132.016480209097
Batch_091,11.959424593830171,9.310276780589922,3.050024993904943,99.05051420006733,10,63261.23350484698,19,3.1842482613959473,7.387575984782234,6.478584075235346,5.068388246705075,5.2441431183859715,1.4425304242854018,82.10848459062106,66.20269316904326
Batch_092,71.3244787222995,89.72157579533267,3.7348188749214417,41.26176769114265,10,168772.67592044495,28,2.579884016673812,4.9731146396572194,4.108303177792667,4.053511805189079,3.6323082668729647,17.242272856907363,84.33523741686365,105.28797280803053
Batch_093,76.07850486168974,90.04180571633304,82.26005606596583,37.201808579278314,10,138493.3845706454,26,3.879338166589606,4.552043312302223,5.326261858540342,6.361242152625883,4.978944335985333,21.56446751369424,76.81209306641283,96.25869726958084
Batch_094,56.127719756949624,63.31014572732679,36.019064141126286,77.64129607419969,5,122006.89505277127,18,5.082378947978386,3.9262851966970738,7.918806927241526,5.05384182465155,4.42522622302089,10.547307204632432,79.13421925998261,83.99145340635998
Batch_095,77.0967179954561,33.90297910487007,12.706051265188478,34.08035402530179,20,113080.36679976126,27,5.363022716101695,5.164598958781689,6.037431021426301,7.797504850996211,4.085756627272912,10.336829916310887,90.67888099781278,83.91745150121845
Batch_096,49.379559636439076,34.92095746126609,52.224326005480435,93.07573256035647,5,167700.23959164642,18,2.704281885219121,4.724095766886532,6.929222682659664,6.2307236574068385,3.280263188600648,6.80270838082189,82.99446769956361,132.12793818445516
Batch_097,52.27328293819941,72.59556788702393,76.99935530986109,85.84127518430118,20,145904.20354613636,28,2.198972260446336,5.770693120370916,6.207204768100707,6.655570804085897,5.093754099874214,9.800142163843274,78.87124602067463,98.89750657348239
Batch_098,42.75410183585496,89.71102599525771,21.582102749684317,42.89940273750184,5,170756.7001279043,6,3.852812919566824,4.5584500084725414,6.395380018930312,5.198849101947179,3.8292889905119845,15.742018023114923,85.30294070590952,104.09236924562943
Batch_099,2.541912674409519,88.70864242651173,62.28904758190003,75.08710677914974,20,185472.65880149393,17,6.374256898406932,7.122445537244994,5.059612543865641,5.236042251935444,4.293337741545951,11.200636072797343,87.98100038102281,116.78106038361138
Batch_100,10.789142699330444,77.98755458576238,8.5347464993768,75.45428740846823,5,142589.5568145938,18,6.635544367540469,5.187569046749671,5.017022718464329,7.596980869863765,6.6126864128259335,8.691936912895741,77.76804797953432,81.85415038175654
